id,nombre,apellido,nro_celular,email,rol,fecha_alta,id_mercado_pago,saldo
1,Tan,Le Breton De La Vieuville,6729181974,tlebretondelavieuville0@google.com,ADMIN,2022-11-24 05:20:10,1,7739.17
2,Kathryn,McMorran,8753047451,kmcmorran1@spotify.com,USER,2023-08-18 19:22:05,2,9509.58
3,Hodge,Titford,0322641462,htitford2@hhs.gov,ADMIN,2023-09-17 05:53:46,3,9601.41
4,Lorianna,Picton,5746701602,lpicton3@mapquest.com,MAINTAINER,2023-03-10 03:46:02,4,2416.41
5,Dolorita,Bickersteth,0305774026,dbickersteth4@edublogs.org,USER,2023-10-18 21:21:31,5,1674.41
6,Etienne,Wallice,7043531543,ewallice5@pcworld.com,MAINTAINER,2022-11-18 17:07:43,6,4505.42
7,Matias,Messier,8653664262,mmessier6@upenn.edu,USER,2022-11-19 11:49:58,7,2741.58
8,Brien,Leadbitter,4278528310,bleadbitter7@fotki.com,ADMIN,2022-11-15 09:39:04,8,6639.37
9,Leodora,Jacobs,4372299249,ljacobs8@yellowbook.com,ADMIN,2023-01-20 07:26:09,9,8881.62
10,Pebrook,Chaudhry,5527318439,pchaudhry9@rambler.ru,USER,2023-08-04 05:23:47,10,2798.6
11,Harald,Waldron,9773759474,hwaldrona@chronoengine.com,MAINTAINER,2023-07-06 03:46:17,11,9778.34
12,Enrika,MacIlory,1946445118,emaciloryb@nytimes.com,USER,2023-05-13 23:06:25,12,2781.56
13,Donielle,McGow,6246860273,dmcgowc@51.la,ADMIN,2023-01-07 23:51:52,13,9694.18
14,Bord,Ekless,8500292628,beklessd@constantcontact.com,USER,2023-09-09 14:23:27,14,6066.78
15,George,Astie,9517286147,gastiee@army.mil,MAINTAINER,2023-08-11 00:10:36,15,6365.75
16,Veronika,Kingzet,5015496230,vkingzetf@hatena.ne.jp,MAINTAINER,2023-06-19 01:54:17,16,9634.32
17,Lebbie,Hallagan,4910998470,lhallagang@bing.com,ADMIN,2023-02-02 09:10:59,17,182.24
18,Tiffani,Cannicott,0083016716,tcannicotth@dailymail.co.uk,ADMIN,2023-02-10 14:42:48,18,4634.84
19,Siffre,Grodden,4377655744,sgroddeni@huffingtonpost.com,ADMIN,2023-07-13 17:50:48,19,2975.59
20,Page,Faltskog,8226797705,pfaltskogj@webs.com,ADMIN,2023-09-24 05:38:13,20,9099.14
21,Steffen,Bach,1335632557,sbachk@wix.com,MAINTAINER,2023-06-24 09:12:29,21,3469.87
22,Serena,Gwyn,6955149539,sgwynl@earthlink.net,ADMIN,2022-11-07 09:29:57,22,9860.87
23,Briano,Antognetti,9913997526,bantognettim@seattletimes.com,MAINTAINER,2023-05-26 22:06:20,23,2646.99
24,Jacques,Stroobant,1660093910,jstroobantn@networksolutions.com,ADMIN,2023-04-17 21:21:09,24,858.09
25,Datha,Hawes,7203379078,dhaweso@huffingtonpost.com,ADMIN,2023-04-10 05:35:08,25,8468.31
26,Ivan,Lawless,6894950792,ilawlessp@smh.com.au,MAINTAINER,2022-12-24 21:20:06,26,7789.36
27,La verne,Sorrie,4003834011,lsorrieq@spotify.com,MAINTAINER,2023-10-04 11:18:27,27,6605.83
28,Leelah,Bewsey,0568227301,lbewseyr@360.cn,USER,2023-06-25 12:39:25,28,6350.63
29,Karyl,Haynes,1671727894,khayness@vinaora.com,ADMIN,2023-08-15 14:21:10,29,4413.12
30,Shawn,Ouldcott,6373049329,souldcottt@pagesperso-orange.fr,USER,2023-09-27 22:56:32,30,2247.64
31,Kimball,Rowley,5007569127,krowleyu@fc2.com,MAINTAINER,2022-10-30 04:42:02,31,619.66
32,Brita,L' Anglois,4490114745,blangloisv@twitter.com,USER,2023-09-16 08:46:47,32,8524.62
33,Harper,Wylie,0383711282,hwyliew@edublogs.org,USER,2023-05-23 09:25:50,33,4164.66
34,Krystyna,Botwood,1933156503,kbotwoodx@surveymonkey.com,ADMIN,2023-09-07 02:14:35,34,626.03
35,Malvina,Look,0087535343,mlooky@blogger.com,MAINTAINER,2023-05-19 21:58:42,35,3717.79
36,Carlie,Bonhome,0341295094,cbonhomez@a8.net,USER,2023-05-04 00:45:30,36,1228.81
37,Shana,Rubinowicz,1290395527,srubinowicz10@europa.eu,MAINTAINER,2023-10-01 09:11:45,37,9375.94
38,Lauren,Pardie,2234227852,lpardie11@ucla.edu,ADMIN,2023-08-18 00:13:35,38,8924.41
39,Modesty,Cornau,9993005223,mcornau12@europa.eu,USER,2023-10-21 22:09:52,39,8298.49
40,Fidole,Skypp,7757808588,fskypp13@dell.com,USER,2023-10-06 21:19:06,40,9573.86
41,Alla,Sheepy,1853206121,asheepy14@amazon.co.uk,MAINTAINER,2023-02-15 03:55:11,41,9848.35
42,Gauthier,Telega,8670249898,gtelega15@instagram.com,MAINTAINER,2023-05-08 14:42:54,42,459.44
43,Elsie,Sheircliffe,9231429469,esheircliffe16@walmart.com,MAINTAINER,2023-04-20 00:33:31,43,1017.04
44,Shell,Iiannone,1894392108,siiannone17@sbwire.com,USER,2023-07-13 09:36:29,44,7579.7
45,Delano,Sager,8475615279,dsager18@example.com,USER,2023-03-13 04:56:09,45,8519.76
46,Wadsworth,Volke,7900894209,wvolke19@quantcast.com,MAINTAINER,2023-06-10 17:56:10,46,4166.21
47,Ginger,April,7592621223,gapril1a@dailymotion.com,USER,2023-06-11 07:59:16,47,8881.48
48,Kaine,Clymer,2640396862,kclymer1b@linkedin.com,USER,2023-06-29 02:53:34,48,4320.18
49,Jasmina,Fendley,0781250730,jfendley1c@craigslist.org,MAINTAINER,2023-06-27 12:16:17,49,8306.33
50,Ariela,Dyneley,8120036166,adyneley1d@buzzfeed.com,MAINTAINER,2022-11-28 23:43:35,50,7454.53
51,Otto,Rankcom,6343228179,orankcom1e@yellowpages.com,MAINTAINER,2023-03-31 04:08:45,51,5688.86
52,Rosco,Hasluck,3164965036,rhasluck1f@storify.com,MAINTAINER,2022-10-30 03:22:34,52,2669.39
53,Tomaso,McCambrois,0344771261,tmccambrois1g@instagram.com,MAINTAINER,2022-11-25 00:14:12,53,8900.94
54,Christabel,Sandels,6632796605,csandels1h@blogspot.com,USER,2022-11-15 13:14:34,54,6660.97
55,Elonore,Turfs,1027061273,eturfs1i@google.pl,USER,2023-07-12 18:07:30,55,8334.39
56,Pia,Beavan,1168496187,pbeavan1j@china.com.cn,ADMIN,2022-12-10 07:24:20,56,4992.74
57,Eddy,Barltrop,8040160057,ebarltrop1k@w3.org,MAINTAINER,2022-11-12 06:43:24,57,7230.46
58,Sarine,Kalaher,4405400911,skalaher1l@ifeng.com,USER,2023-08-16 13:07:09,58,967.61
59,Jewelle,Leving,0538349387,jleving1m@phpbb.com,ADMIN,2023-09-12 12:24:32,59,8148.85
60,Ivette,Corde,4890570594,icorde1n@baidu.com,MAINTAINER,2023-09-10 16:07:33,60,1376.32
61,Sascha,Farrington,8939463811,sfarrington1o@deviantart.com,USER,2023-03-23 13:22:48,61,7968.66
62,Rad,Loddy,4916289862,rloddy1p@toplist.cz,USER,2022-12-15 21:09:33,62,9114.81
63,Raddy,Jewsbury,2169314881,rjewsbury1q@studiopress.com,ADMIN,2023-10-07 19:23:58,63,1736.94
64,Katine,Jado,4403585698,kjado1r@slideshare.net,MAINTAINER,2023-09-10 15:36:20,64,5519.46
65,Meredeth,Kynton,9919153877,mkynton1s@telegraph.co.uk,ADMIN,2022-11-23 05:37:39,65,5938.76
66,Bevvy,Steffens,4480065083,bsteffens1t@netscape.com,ADMIN,2023-08-24 08:50:18,66,6854.98
67,Benyamin,Vreede,2756432199,bvreede1u@people.com.cn,MAINTAINER,2023-02-07 22:03:03,67,5482.65
68,Kent,Donan,2375932013,kdonan1v@fastcompany.com,USER,2023-05-04 22:52:12,68,2462.71
69,Hilary,Brendeke,6492573609,hbrendeke1w@redcross.org,MAINTAINER,2023-05-15 14:55:45,69,1627.69
70,Marietta,Kidd,2834817332,mkidd1x@hugedomains.com,ADMIN,2023-05-28 14:23:20,70,5971.1
71,Sonja,Legister,4983131582,slegister1y@reuters.com,MAINTAINER,2023-05-02 17:47:47,71,2721.55
72,Riva,Collingworth,6190766617,rcollingworth1z@xing.com,ADMIN,2023-05-03 12:03:40,72,8534.88
73,Carlee,Simak,4404146043,csimak20@nydailynews.com,ADMIN,2023-03-04 18:55:36,73,5296.97
74,Moina,Extal,2515545378,mextal21@constantcontact.com,USER,2023-01-02 00:07:39,74,7470.17
75,Arabela,Kelleher,2417320932,akelleher22@360.cn,USER,2023-09-16 04:32:58,75,198.43
76,Saul,Cowherd,7015042711,scowherd23@people.com.cn,ADMIN,2023-07-30 10:59:45,76,8273.34
77,Phillida,Gally,7107892983,pgally24@msn.com,MAINTAINER,2023-05-27 11:25:10,77,5375.58
78,Althea,Brakewell,1278937854,abrakewell25@indiatimes.com,ADMIN,2023-04-17 04:12:53,78,3912.14
79,Ester,Marshfield,8551671154,emarshfield26@mediafire.com,ADMIN,2022-11-16 22:06:52,79,42.22
80,Katlin,Dowda,1862006571,kdowda27@nyu.edu,USER,2023-08-14 10:52:59,80,7333.11
81,Audi,Cadigan,5483612159,acadigan28@nydailynews.com,MAINTAINER,2022-12-10 18:19:29,81,6756.62
82,Bambie,Surpliss,6330182876,bsurpliss29@networkadvertising.org,USER,2022-11-21 18:39:05,82,979.83
83,Devora,Mithun,5005749217,dmithun2a@prlog.org,USER,2023-09-09 13:40:09,83,5734.2
84,Dermot,Dikes,1301475297,ddikes2b@domainmarket.com,ADMIN,2023-07-17 03:43:31,84,1702.63
85,Darrell,Fintoph,6061098359,dfintoph2c@newsvine.com,ADMIN,2022-12-31 14:20:18,85,1301.7
86,Dwayne,Rabl,8884275075,drabl2d@thetimes.co.uk,USER,2023-01-02 14:41:56,86,9491.87
87,Blane,Paoloni,7073856009,bpaoloni2e@networksolutions.com,USER,2022-11-09 01:27:08,87,1258.55
88,Paten,Ferber,6640186519,pferber2f@npr.org,MAINTAINER,2023-07-15 12:00:57,88,2714.75
89,Kiah,Wigfall,5086381142,kwigfall2g@ebay.com,MAINTAINER,2023-07-04 23:51:48,89,8285.62
90,Vally,Langman,1000475921,vlangman2h@economist.com,ADMIN,2023-02-17 12:13:40,90,7728.29
91,Rhea,Samudio,9232848554,rsamudio2i@imdb.com,MAINTAINER,2023-08-04 22:12:18,91,3266.94
92,Tomas,Blythin,2740431392,tblythin2j@businessweek.com,MAINTAINER,2023-04-10 10:32:29,92,5571.67
93,Raff,Patkin,9227139400,rpatkin2k@un.org,ADMIN,2022-11-26 18:57:05,93,6266.54
94,Rowan,Le Conte,5051129072,rleconte2l@aol.com,MAINTAINER,2023-01-13 03:05:57,94,4280.87
95,Twila,Kingh,7874738659,tkingh2m@amazon.com,ADMIN,2022-11-12 11:36:20,95,6873.29
96,Kimmi,Teese,7745794110,kteese2n@issuu.com,USER,2023-01-31 15:32:17,96,3348.63
97,Sharleen,Enser,8226879094,senser2o@linkedin.com,USER,2023-07-02 03:22:57,97,8825.6
98,Guglielma,Buttwell,4823715373,gbuttwell2p@redcross.org,ADMIN,2023-07-30 09:37:06,98,9210.22
99,Magda,Dach,4185215436,mdach2q@tuttocitta.it,MAINTAINER,2022-12-24 09:15:24,99,4628.9
100,Eve,Presnell,1337792314,epresnell2r@nydailynews.com,MAINTAINER,2023-05-06 17:56:19,100,9456.85
