id,nombre,apellido,nro_celular,email,roles
1,Verne,Orpwood,4791002016,vorpwood0@squarespace.com,USER
2,Olly,Slevin,7793034732,oslevin1@sourceforge.net,MAINTAINER
3,Francisca,Rickersy,8280196587,frickersy2@blogtalkradio.com,USER
4,Rheta,Pranger,5727072948,rpranger3@nymag.com,ADMIN
5,Berkie,Sumshon,8484121828,bsumshon4@fema.gov,USER
6,Gavan,Flagg,7381221454,gflagg5@yelp.com,ADMIN
7,Tildy,Langton,7371570685,tlangton6@wunderground.com,ADMIN
8,Sidoney,Ovens,5470782506,sovens7@msu.edu,USER
9,Lorianne,Radolf,8861970672,lradolf8@i2i.jp,ADMIN
10,Codi,Zapata,1589099036,czapata9@ifeng.com,USER
11,Lorettalorna,Lawerence,6790845267,llawerencea@senate.gov,USER
12,Esma,Playhill,6271355072,eplayhillb@51.la,ADMIN
13,Luciana,Jennaroy,2192357303,ljennaroyc@prweb.com,USER
14,Dorena,Shreve,3673883933,dshreved@yellowbook.com,ADMIN
15,Louis,Alenov,4973801097,lalenove@wikispaces.com,ADMIN
16,Kennedy,Posner,8578573854,kposnerf@wiley.com,ADMIN
17,Merrilee,Reedy,8314765244,mreedyg@microsoft.com,ADMIN
18,Ashby,Gunning,0868483354,agunningh@phoca.cz,MAINTAINER
19,Milissent,Farnhill,8233133418,mfarnhilli@biglobe.ne.jp,MAINTAINER
20,Emmanuel,Farress,5965240678,efarressj@paypal.com,MAINTAINER
21,Reynard,Dahill,6264855480,rdahillk@seesaa.net,MAINTAINER
22,Kelli,Iacovone,2658736002,kiacovonel@dyndns.org,ADMIN
23,Charmane,Mougeot,3431199720,cmougeotm@mapy.cz,MAINTAINER
24,Brigitte,Latan,6465981327,blatann@weibo.com,USER
25,Wolfgang,Erwin,1441480609,werwino@taobao.com,MAINTAINER
26,Gerianne,Jelleman,8378997553,gjellemanp@hp.com,MAINTAINER
27,Hollyanne,Benazet,5962799933,hbenazetq@meetup.com,ADMIN
28,Mala,Garrold,3671270675,mgarroldr@goo.ne.jp,ADMIN
29,Heywood,Stanfield,6821510229,hstanfields@buzzfeed.com,USER
30,Terrill,Labeuil,4896705157,tlabeuilt@mediafire.com,ADMIN
31,Eleanor,Espley,9473976410,eespleyu@webmd.com,USER
32,Rica,Verbeke,6035053440,rverbekev@cpanel.net,MAINTAINER
33,Mikkel,Reaney,4881183532,mreaneyw@spotify.com,MAINTAINER
34,Cyrill,Vlahos,6317995818,cvlahosx@drupal.org,USER
35,Jamima,Mountlow,1853349119,jmountlowy@smh.com.au,MAINTAINER
36,Valaree,Matashkin,3906392465,vmatashkinz@senate.gov,ADMIN
37,Ernaline,Scaysbrook,7706677370,escaysbrook10@jigsy.com,USER
38,Katleen,Condit,7804538774,kcondit11@amazon.co.jp,MAINTAINER
39,Padraic,Bonallick,6093641783,pbonallick12@oaic.gov.au,USER
40,Blithe,Kibbey,3003960997,bkibbey13@theglobeandmail.com,ADMIN
41,Mada,Scough,9976153236,mscough14@ezinearticles.com,ADMIN
42,Wendye,Giffard,8740373231,wgiffard15@acquirethisname.com,USER
43,Maurice,Brew,9307957894,mbrew16@jalbum.net,MAINTAINER
44,Mureil,Morcombe,1968797246,mmorcombe17@trellian.com,USER
45,Obie,Dudden,3271597138,odudden18@ucoz.ru,MAINTAINER
46,Jerrylee,Cullinane,0241348196,jcullinane19@booking.com,ADMIN
47,Lyndel,Lockier,5319974256,llockier1a@weather.com,MAINTAINER
48,Desiree,Bonick,3290719693,dbonick1b@google.nl,USER
49,Kim,Woodhams,4127160268,kwoodhams1c@i2i.jp,MAINTAINER
50,Maren,Castells,3957072085,mcastells1d@pen.io,ADMIN
51,Osbourne,Dumingo,1413879608,odumingo1e@ehow.com,USER
52,Gibby,Crumbie,2759963764,gcrumbie1f@qq.com,ADMIN
53,Georgeta,Renowden,5625427445,grenowden1g@linkedin.com,ADMIN
54,Barty,Gelder,9972977889,bgelder1h@oaic.gov.au,ADMIN
55,Nealy,Madle,9608950686,nmadle1i@merriam-webster.com,USER
56,Townie,Coath,7074777706,tcoath1j@newyorker.com,ADMIN
57,Josselyn,Van den Oord,8484112470,jvandenoord1k@disqus.com,ADMIN
58,Jaquelin,Caulcutt,9476004746,jcaulcutt1l@paypal.com,ADMIN
59,Guillaume,Ludlom,7839626416,gludlom1m@state.tx.us,ADMIN
60,Dame,Trunchion,2181520402,dtrunchion1n@shutterfly.com,ADMIN
61,Udale,Ghent,3736299192,ughent1o@imageshack.us,ADMIN
62,Hugues,Stickley,7551314202,hstickley1p@nasa.gov,USER
63,Mattheus,Lovelady,8562278734,mlovelady1q@wordpress.com,MAINTAINER
64,Clay,Fist,7320779161,cfist1r@csmonitor.com,MAINTAINER
65,Marv,Ladyman,7753094327,mladyman1s@mozilla.org,USER
66,Jilleen,Beggin,8393353246,jbeggin1t@merriam-webster.com,ADMIN
67,Joseph,Jacmar,9063250916,jjacmar1u@fastcompany.com,ADMIN
68,Dorie,Le Claire,2374758591,dleclaire1v@alibaba.com,MAINTAINER
69,Heida,Locard,8917879616,hlocard1w@auda.org.au,USER
70,Elnora,Clemonts,9101938630,eclemonts1x@intel.com,MAINTAINER
71,Charmane,Riquet,6623571760,criquet1y@hc360.com,ADMIN
72,Elli,Earland,0579290654,eearland1z@techcrunch.com,MAINTAINER
73,Delinda,Jasiak,7215325644,djasiak20@example.com,MAINTAINER
74,Sindee,Bowsher,5709960756,sbowsher21@storify.com,ADMIN
75,Rosetta,Rosenbush,6511846091,rrosenbush22@archive.org,USER
76,Rheba,Cotmore,3085413928,rcotmore23@barnesandnoble.com,MAINTAINER
77,Sula,Stillman,4239278732,sstillman24@ftc.gov,USER
78,Jackie,Frayne,4221832959,jfrayne25@skyrock.com,MAINTAINER
79,Oberon,Brehault,8692312525,obrehault26@opensource.org,ADMIN
80,Oralia,Tumbridge,9155352634,otumbridge27@cdbaby.com,MAINTAINER
81,Ernie,Hof,9025910122,ehof28@unc.edu,ADMIN
82,Willem,Clive,4627753268,wclive29@mapy.cz,MAINTAINER
83,Fonzie,Pickerin,3314380844,fpickerin2a@hud.gov,USER
84,Cosette,Gaveltone,2422172679,cgaveltone2b@va.gov,USER
85,Claude,Gillebride,4698249791,cgillebride2c@businessweek.com,MAINTAINER
86,Cyrille,Campanelli,1240950306,ccampanelli2d@mozilla.com,MAINTAINER
87,Clotilda,Jowers,3042386856,cjowers2e@senate.gov,ADMIN
88,Roman,Froud,2896525955,rfroud2f@sohu.com,MAINTAINER
89,Sheppard,Guiu,5076603967,sguiu2g@instagram.com,ADMIN
90,Marji,Crispe,3477667387,mcrispe2h@cpanel.net,MAINTAINER
91,Lu,Majury,7774099972,lmajury2i@intel.com,ADMIN
92,Reine,Kolinsky,5307416601,rkolinsky2j@telegraph.co.uk,MAINTAINER
93,Matty,Lamke,3949618007,mlamke2k@google.de,MAINTAINER
94,Floris,Sigfrid,7233926441,fsigfrid2l@paypal.com,USER
95,Judy,Bartolomeotti,7334073215,jbartolomeotti2m@mayoclinic.com,ADMIN
96,Mellisent,Metzig,2374920763,mmetzig2n@meetup.com,MAINTAINER
97,Piggy,Downey,7441620988,pdowney2o@photobucket.com,USER
98,Klarika,Blann,1122833008,kblann2p@ca.gov,ADMIN
99,Ammamaria,Poyle,9811360367,apoyle2q@nih.gov,ADMIN
100,Cheryl,Rameau,8592377455,crameau2r@histats.com,USER
